{
  "Passagem comprada com sucesso." : {
    "transaction" : "Passagem comprada com sucesso.",
    "sampleCount" : 138132,
    "errorCount" : 0,
    "errorPct" : 0.0,
    "meanResTime" : 391.76066371296486,
    "medianResTime" : 359.0,
    "minResTime" : 273.0,
    "maxResTime" : 2941.0,
    "pct1ResTime" : 578.0,
    "pct2ResTime" : 703.0,
    "pct3ResTime" : 998.9900000000016,
    "throughput" : 115.9061788602878,
    "receivedKBytesPerSec" : 820.0591942453452,
    "sentKBytesPerSec" : 14.827841240915722
  },
  "Compra de passagem aérea" : {
    "transaction" : "Compra de passagem aérea",
    "sampleCount" : 138766,
    "errorCount" : 1,
    "errorPct" : 7.206376E-4,
    "meanResTime" : 5114.422055834941,
    "medianResTime" : 1649.0,
    "minResTime" : 493.0,
    "maxResTime" : 26433.0,
    "pct1ResTime" : 21576.0,
    "pct2ResTime" : 21658.0,
    "pct3ResTime" : 21943.980000000003,
    "throughput" : 114.32719099790569,
    "receivedKBytesPerSec" : 531.1068162328158,
    "sentKBytesPerSec" : 13.397621146073119
  },
  "Total" : {
    "transaction" : "Total",
    "sampleCount" : 276898,
    "errorCount" : 1,
    "errorPct" : 3.6114382E-4,
    "meanResTime" : 2758.49798481751,
    "medianResTime" : 643.0,
    "minResTime" : 273.0,
    "maxResTime" : 26433.0,
    "pct1ResTime" : 15545.900000000001,
    "pct2ResTime" : 21592.0,
    "pct3ResTime" : 21908.99,
    "throughput" : 228.13203906531922,
    "receivedKBytesPerSec" : 1336.2986785223338,
    "sentKBytesPerSec" : 27.956639795322314
  }
}